qid,question_msa,gold_answer
wahm_000,كم عدد مرات فوز الأوروغواي ببطولة كاس العالم لكرو القدم؟,بطولتين
wahm_001,من هو مكتشف المرو أو الكوارتز ؟,"(بيير كوري) وأخوه (جاك), بيير كوري) وأخوه (جاك"
wahm_002,كيف يتصل الجنين بالرحم ؟,عن طريق الحبل السري
wahm_003,أين يقع مسجد السلطان عبد المجيد؟,مدينة جبيل اللبنانية
wahm_004,ما عاصمة جورجيا؟,تبليسي
wahm_005,ما هو عدد آيات سورة الكهف ؟,110
wahm_006,ما سبب وفاة لاعب كمال الأجسام ناصر السنباطي؟,أثناء نومه
wahm_007,من هو مخترع المحرك البخاري؟,جيمس واط
wahm_008,متى تمت كتابة وثيقة إعلان قيام دولة إسرائيل ؟,14 أيار / مايو 1948
wahm_009,ما كان إسم حصان الرسول صلي الله عليه وسلم ؟,البراق
wahm_010,من رئيس ألمانيا النازية في الحرب العالمية الثانية؟,أدولف هتلر
wahm_011,ما هو الطّيف الكهرومغناطيسي؟,"مصطلح عام يشمل جميع الترددات الممكنة من الإشعاعات الكهرومغناطيسية, خطوط الأشعة الصادرة من جسم أسود عند درجة حرارة معينة"
wahm_012,أين تقع مدينة بينيفنتو؟,"جنوب إيطاليا في إقليم كامبانيا, جنوب إيطاليا"
wahm_013,ما هي المحاسبة المالية ؟,تسجيل وتبويب المدخلات والعمليات التي تمثل الأحداث الاقتصادية وفق نظام معين
wahm_014,اين ولد صدام حسين؟,قرية العوجة
wahm_015,كم يتراوح عدد بيوض السلمندر التي تضعها الانثى؟,"500 إلى 600 بيضه, بين 500 إلى 600"
wahm_016,لماذا وقع  الميثاق الأعظم أو الماجنا كارتا؟,محاولةً للحد من نفوذه وحماية امتيازاتهم قانونياً
wahm_017,ما هي المدينة التي تحوي على أكبر مصنع للحديد والصلب في أفريقيا؟,عنابة
wahm_018,من هي أول امرأة تتقلد منصب رئيسة تحرير صحيفة الغارديان خلفًا لآلان روسبيرجير؟,كاثرين صوفي فاينر
wahm_019,من هو مؤسس حركة الجهاد الاسلامي في مصر؟,"علوى مصطفى (من حى مصر الجديدة) وإسماعيل طنطاوي (من حى المنيل) ونبيل البرعي (من حى المعادى), علوى مصطفى (من حى مصر الجديدة) وإسماعيل طنطاوي (من حى المنيل) ونبيل البرعي"
wahm_020,في أي عام توفي إسحاق رابين؟,4 نوفمبر 1995
wahm_021,ما هي جنسية الفيلسوف ميشال فوكو؟,فرنسي
wahm_022,في أي عام ولد رونالد ريغان؟,"فبراير 1911, 6 فبراير 1911"
wahm_023,في أي عام  تأسس نادي مانشستر يونايتد لكرة القدم؟,1 مارس 1878م
wahm_024,متى أقيمت بطولة (غرب آسيا) لكرة القدم لأول مرة؟,2000
wahm_025,متى تاسس الجيش اليمني؟,1962
wahm_026,كم يبلغ أقصى عمق لبحر قزوين؟,1023 م
wahm_027,ما هو الرجفان البطيني؟,"حالة توقف القلب عن العمل بسبب خلل في منظومة القلب تؤدي إلى ارتجاف البطينين بدل انقباضهما, حالة توقف القلب عن العمل بسبب خلل في منظومة القلب تؤدي إلى ارتجاف البطينين بدل انقباضهما، الأمر الذي يؤدي إلى توقف الدورة الدموية ومن ثم إلى الوفاة بالسكتة القلبية إن لم يتم تدارك الأمر علاجياً خلال دقائق معدودة من خلال عملية الإنعاش القلبي الرئوي"
wahm_028,كم عدد امارات الأمارات العربية المتحدة؟,"سبع, السبع"
wahm_029,ما هي عملية التركيب الضوئي؟,عملية كيميائية معقدة تحدث في خلايا البكتيريا الزرقاء وفي صانعات اليخضور (الصانعات الخضراء) أو الكلوروبلاست في كل من الطحالب والنباتات العليا
wahm_030,من هو ألفرد نوبل؟,"مهندس ومخترع وكيميائي سويدي, مهندس ومخترع وكيميائي سويدي، اخترع الديناميت في سنة 1867 ومن ثم أوصى بمعظم ثروته التي جناها من الاختراع إلى جائزة نوبل التي سُميت بإسمه"
wahm_031,أين ولد ميكيلانجيلو؟,"قرية كابريزي قرب أريتسو بتوسكانا, كابريزي"
wahm_032,ما المعدل العادي لعملية الجماع؟,5.4 دقائق
wahm_033,متى بدأ التوقيع على معاهدة الحد من انتشار الأسلحة النووية؟,1 يوليو 1968
wahm_034,ما هو الارجاز؟,نوع من العجز الجنسي، حيث يكون الشخص غير قادر على تحقيق هزة الجماع على الرغم من وجود التحفيز الكافي
wahm_035,ما هي الرهبنة الفرنسيسكانية؟,"رهبنة في الكنيسة الكاثوليكية، تأسست على يد القديس فرنسيس الأسيزي, رهبنة في الكنيسة الكاثوليكية، تأسست على يد القديس فرنسيس الأسيزي في شمال إيطاليا"
wahm_036,من هو نقفور الثاني فوكاس؟,"امبراطور بيزنطي, امبراطور بيزنطي (963-969) أسهمت حملاته العسكرية في إحياء الامبراطورية البيزنطية في القرن العاشر"
wahm_037,أين تقع هضبة التيبت؟,آسيا الوسطى
wahm_038,متى رسم فان كوخ لوحة ليلة النجوم؟,1889 م
wahm_039,ما مساحة جورجيا؟,69.700 كم2
wahm_040,من هو مؤلف مانجا بيرسيرك؟,كينتارو ميورا
wahm_041,في أي سنة تأسست مدينة العيون ؟,1938
wahm_042,ما هو السلم الموسيقي؟,عبارة عن تتابع النغمات صعوداً وهبوطاً ويتكون من سبع درجات نغمية
wahm_043,متى تأسست القواة الخاصة التابعة للجيش البريطاني ؟,1707
wahm_044,من هو مؤلف رواية التائهون؟,أمين معلوف
wahm_045,من هي أنغريت كرامب كارينباور؟,سياسية ألمانية تشغل منصب زعيمة الاتحاد الديمقراطي المسيحي
wahm_046,ماهى نسبة الزيت في حبة البركة ؟,40%
wahm_047,"من هو مؤلف كتاب ""12 قاعدة للحياة""؟",جوردان بيرنت بيترسون
wahm_048,من هم اليهود الأشكناز ؟,اليهود الذين ترجع أصولهم إلى أوروبا الشرقية
wahm_049,متى توفي توماس كوهين ؟,17 حزيران 1996
wahm_050,من هو كريستوفر ستيفنز؟,"اسمه الكامل جون كريستوفر ستيفينز ، ولد وترعرع في شمال كاليفورنيا[2] ،درس في جامعة ""بركلي""وعمل محامياً مختصاً بالشؤون التجارية الدولية في واشنطن قبل ان ينضم إلى الخارجية الأمريكية في عام 1991.يجيد ستيفنز اللغة العربية والفرنسية وقد نشر العديد من المقالات في القدس ودمشق والقاهرة, سفير الولايات المتحدة في ليبيا منذ مايو 2012 [2] وحتى وفاته"
wahm_051,ما هي العصور الوسطى؟,التسمية التي تُطلق على الفترة الزمنية في التاريخ الأوروبي التي امتّدت من القرن الخامس حتّى القرن الخامس عشر الميلادي
wahm_052,ما هو عظم الإسك؟,الجزء الأسفل والخلفي لعظم الورك
wahm_053,ما هو عدد آيات سورة المائدة ؟,120
wahm_054,ما هو العثث؟,"مجموعة كبيرة من الحشرات القريبة من الفراشات, مجموعة كبيرة من الحشرات القريبة من الفراشات، وهي من أكثر الكائنات الحية شيوعا في العالم، حيث تتواجد في مختلف الأقاليم والمناخات"
wahm_055,أين تقع مدينة أوديسا؟,"جمهورية أوكرانيا, أوكرانيا"
wahm_056,متى تم إنتاج الفلم العربي (صح النوم)؟,1975
wahm_057,متى تم عرض اول موسم من مسلسل امريكا قوت تالنت؟,يونيو من عام 2006
wahm_058,من هو الملاكم الملقب ببراون بومبر؟,جوزيف لويس بارو
wahm_059,أين تقع  ولاية ساكسونيا؟,ولاية ألمانية
wahm_060,متى تاسست جامعة أم القرى؟,1401 هـ
wahm_061,ما هي دوامة نفايات شمال المحيط الهادئ؟,"منطقة قمامة بحرية تقع في منتصف المحيط الهادي الشمالي، وتمتد إلى منطقة غير محددة الحدود بشكل دقيق، وذلك لاختلاف تركيز البلاستيك والنفايات على حسب المنطقة, منطقة قمامة بحرية تقع في منتصف المحيط الهادي الشمالي"
wahm_062,ما هي علامة إعراب المفعول به في اللغة العربية؟,"الفتحة الظاهرة، أو المقدرة، أو الياء إن كان مثنى أو جمع مذكر سالم، أو الكسرة (نيابة عن الفتحة) إن كان جمع مؤنث سالم، أو الألف إن كان من الأسماء الخمسة, منصوب"
wahm_063,ما هي عاصمة موزمبيق؟,مابوتو
wahm_064,من أوراق أي نبات يستخلص الكوكايين؟,الكوكا
wahm_065,متى اعتزل لاعب كرة القدم دييغو فورلان اللعب دولياً؟,مارس 2015
wahm_066,من هي الملكة هيلانة؟,والدة الإمبراطور الروماني قسطنطين الكبير
wahm_067,متى توفي هتلر؟,30 أبريل 1945
wahm_068,كم يبلغ التعداد السكاني للفلبين؟,92 مليون
wahm_069,ما هي الغواصة القزمية ؟,نوع من الغواصات يكون حجم إزاحتها أقل من 150 طن
wahm_070,في أي عام كان البث العلني الأول بالألوان؟,1951
wahm_071,من هو تشارلز فرانسيس ريشتر؟,عالم زلازل وفيزيائي أمريكي
wahm_072,ما هي عاصمة جورجيا؟,تبليسي
wahm_073,أين ينبع نهر ليمبوبو؟,جنوب وسط أفريقيا
wahm_074,من كان قائد ثورة الشواف على نظام عبد الكريم قاسم في 8 آذار من عام 1959؟,"العقيد عبد الوهاب الشواف, عبد الوهاب الشواف"
wahm_075,ماهى عاصمة أيرلندا الشمالية ؟,بلفاست
wahm_076,من صاحب رواية العمى؟,جوزيه ساراماجو
wahm_077,أين تقع منطقة الباحة؟,"الجزء الغربي من شبه الجزيرة العربية، على سلسلة جبال الحجاز, الجزء الغربي من شبه الجزيرة العربية"
wahm_078,ماهو عدد مستخدمي خدمة الفيس بوك في الولايات المتحدة ؟,36 مليون
wahm_079,متى بدأت عملية الغزو السوفيتي لبولندا؟,17 سبتمبر 1939
wahm_080,أين تقع مدينة خاركيف؟,أوكرانيا
wahm_081,متى ولد عباس بن فرناس ؟,في زمن الدولة الأموية في الأندلس
wahm_082,في أي عام تأسست جامعة مالمو؟,1998
wahm_083,من هو والد فرانكلين ديلانو روزفلت؟,جيمس روزفلت
wahm_084,متى توفي محمد علي العابد ؟,1939
wahm_085,ما هو التوازن الثرموديناميكي؟,"نصف نظام بأنه في حالة توازن ثرموديناميكي عندما يكون في حالة توازن حراري و توازن ميكانيكي (حركي) و توازن إشعاعي و توازن كيميائي, عندما يكون في حالة توازن حراري و توازن ميكانيكي (حركي) و توازن إشعاعي و توازن كيميائي"
wahm_086,ما مساحة  مدينة إربد؟,30 كيلو متر مربع
wahm_087,ما هي البطالة الإحتكاكية؟,"نوع من أنواع البطالة المؤقتة, نوع من أنواع البطالة المؤقتة (لفترة زمنية قصيرة)"
wahm_088,ما معنى اصطلاح اصطلاح الفاشيّة لغوياً؟,حزمة من الصولجانات كانت تُحمَل أمام الحكام في روما القديمة دليلًا على سلطاتهم
wahm_089,من هم الأصوليين؟,اصطلاحٌ سياسي فكري مستحدث يشير إلى نظرة متكاملة للحياة بكافة جوانبها السياسية والاجتماعية والاقتصادية والثقافية نابعة عن قناعة متأصلة نابعة عن إيمانٍ بفكرةٍ أو منظومة قناعات، تكون في الغالب تصوراً  أو عقيدةٍ دينية
wahm_090,ماهو الجرافيك ديزاين ؟,نهج إبداعي يقوم به مصمم أو مجموعة من المصممين بناء على طلب العميل أو الزبون ويتعاون على تنفيذ معطياته المادية مجموعة من المنتجين(عمال طباعة، مبرمجين، مخرجين، الخ) من أجل إيصال رسالة معينة (أو مجموعة رسائل) للجمهور المستهدف
wahm_091,ما هي متلازمة كلاينفيلتر؟,"متلازمة توجد في الذكور الذين يمتلكون صبغ (خ) زائد في خلاياهم, متلازمة توجد في الذكور الذين يمتلكون صبغ (خ) زائد في خلاياهم، ليصبح العدد 44+XXY بدلا من 44+XY"
wahm_092,كم مساحة البحرالميت؟,650 كم2
wahm_093,متى تم بناء جامع الزيتونة في تونس؟,698
wahm_094,من هو الفيلسوف أنطوني فلو؟,فيلسوف بريطاني، اشتهر بكتاباته في فلسفة الأديان
wahm_095,من هم الأنصار؟,أهل يثرب الذين ناصروا رسول الله في الإسلام محمد بن عبد الله
wahm_096,متى تاسس الاتحاد الدولي لكرة القدم؟,21 مايو من العام 1904
wahm_097,اين تقع مدينة الاسماعيلية؟,منتصف المسافة بين بورسعيد شمالا والسويس جنوبًا
wahm_098,أين ولد أبو عامر محمد بن أبي عامر؟,الجزيرة الخضراء
wahm_099,ما معنى اسم داوُود؟,"الحبيب, اسم علم شخصي عربي من أصل عبري، ويعتبر من الأسماء المنتشرة في العالم العربي نسباً لأنه اسم داود أحد الأنبياء في الإسلام والمسيحية واليهودية وألذي يعني الحبيب، ولهذا الاسم أشكال مختلفة في اللغات الأخرى مثل ديفيد وديف ودايفي وداودا"
wahm_100,اين توجد منطقة الخفجي؟,شمال شرق المملكة العربية السعودية
wahm_101,متى أطلقت قناة كرتون نتورك؟,10 أكتوبر 2010
wahm_102,متى تولى محمد السادس الحكم في المغرب؟,ربيع الآخر سنة 1420 هـ
wahm_103,ماهو تعداد المسيحيين الأردنيين ؟,"174,000 إلى 390,000 نسمة, من 174,000 إلى 390,000"
wahm_104,أين تقع مدينة قطيسفون؟,جنوب شرق بغداد
wahm_105,ما هي الذاكرة العرضية؟,ذاكرة أحداث السيرة الذاتية
wahm_106,أين تقع مديرية رغوان؟,وسط اليمن
wahm_107,أين ولد هندريك أنتون لورنتس ؟,أرنهيم بخيلدرلند بهولندا
wahm_108,من هو مخترع العجلات المطاطية التي تسير عليها السيارات؟,جون بويد دنلوب
wahm_109,اين يقع البحر الميت ؟,"أخدود وادي الأردن, في أخدود وادي الأردن ضمن الشق السوري الأفريقي"
wahm_110,ما هي أطول فترات حكم فلاد الثالث؟,"دامت أطول فترات حكمه فيما بين عامي 1456 و1462 في أوج الحملات العثمانية للسيطرة على البلقان, بين عامي 1456 و1462"
wahm_111,من هي نانسي ريغان؟,ممثلة سينمائية أمريكية وزوجة رونالد ريغان الرئيس الأربعين للولايات المتحدة الأمريكية، وسيّدة الولايات المتحدة الأولى لمدة ثمان سنوات، من 1981 وحتى 1989
wahm_112,متى انضم اللاعب كيفن دي بروين لمانشستر سيتي الانجليزي؟,2015
wahm_113,من هو خليل كوت؟,"ضابط في الجيش العثماني وحاكم إقليمي, ضابط في الجيش العثماني وحاكم إقليمي، هو عم وزير الحرب العثماني خلال الحرب العالمية الأولى"
wahm_114,متى صدر العدد الأول من المجلة تايم الأمريكية؟,3 مارس 1923
wahm_115,ما هو المذهب الحنفي؟,"ينسب هذا المذهب لأبي حنيفة النعمان (80هـ - 150هـ)، وهو مذهب فقهي من المذاهب الفقهية الأربعة المشهورة عند أهل السنة والجماعة كالمذهب المالكي، والمذهب الشافعي، والمذهب الحنبلي, مذهب فقهي من المذاهب الفقهية الأربعة المشهورة عند أهل السنة والجماعة"
wahm_116,من هو سيمون بوليفار؟,"عسكري وسياسي فنزويلي, عسكري وسياسي فنزويلي في فترة ما قبل الجمهورية القبطانية العامة لفنزويلا"
wahm_117,ماهى الرواية الفروسية ؟,جنس أدبي من الروايات المكتوبة بالنثر والتي ظهرت في إسبانيا والبرتغال في القرن السادس عشر ولاقت نجاحًا كبيرًا وشعبية واسعة
wahm_118,متى توفي الإمام جعفر الصادق؟,مساء 25 شوال من سنة 148 هـ
wahm_119,أين تقع مملكة بوتان؟,جنوب آسيا
wahm_120,كم عدد الأسنان في الإنسان ؟,32
wahm_121,متى تم إنشاء معاهدة الحد من انتشار الأسلحة النووية؟,1 يوليو 1968
wahm_122,متى بدأت  الزخارف الإسلامية؟,836 م
wahm_123,أين توفي أبو عبد الله سفيان بن سعيد بن مسروق؟,البصرة
wahm_124,متى ولد مصطفى فخار بن حميدو بن علال ؟,مارس 1892م
wahm_125,في أي عام تولى عبد الفتاح السيسي الحكم في مصر؟,2014
wahm_126,ما هي نسبة ملوحة البحر الميت؟,34%
wahm_127,في أي عام تأسست جامعة تورنتو؟,15 مارس 1827
wahm_128,أين إندلعت الثورة التونسية؟,سيدي بوزيد وولاية القصرين
wahm_129,من القريق الفائز بكاس العالم 1998 ؟,فرنسا
wahm_130,ما هي تقنية النانو ؟,"العلم الذي يهتم بدراسة معالجة المادة على المقياس الذري والجزيئي, هي العلم الذي يهتم بدراسة معالجة المادة على المقياس الذري والجزيئي"
wahm_131,أين ولدت هيلينا بتروفنا بلافاتسكي؟,إقليم أيكانزينسلاف
wahm_132,ما هي دلتا النيل؟,"شمال مصر, دلتا تكونت في شمال مصر (الوجه البحري) حيث يتفرع النيل إلى فرعين يصبان في البحر المتوسط"
wahm_133,أي عضو في الجسم مسؤول على نقل الأوكسيجين؟,جهاز التنفس
wahm_134,اين توجد جزيرة بوكيت؟,جنوب تايلاند
wahm_135,ما أصل اللغة المجرية؟,"تنتمي المجرية إلى مجموعة اللغات الأوغرية، وهذه المجموعة تنتمي إلى عائلة اللغات الأورالية, لأوغرية"
wahm_136,ماذا تسمى الغدة التناسلية الأنثوية؟,المبيضان
wahm_137,ما هو العليق المقدس؟,"شجيرة معمرة  شائكة من فصيلة الوردية, شجيرة معمرة  شائكة من فصيلة الوردية، كثيفة الأوراق"
wahm_138,كيف توفي راجيف راتنا غاندي ؟,اغتيل
wahm_139,من هو الملك فرانكو الأول؟,"قائد عسكري تولى رئاسة إسبانيا من أكتوبر 1936 وحتى وفاته في سنة 1975، وصل إلى السلطة بعد الحرب الأهلية الإسبانية (1936 - 1939), قائد عسكري تولى رئاسة إسبانيا من أكتوبر 1936 وحتى وفاته في سنة 1975"
wahm_140,كم عدد الرؤساء الأميركيين الذين تخرجوا من جامعة هارفارد؟,سبع
wahm_141,من هو أميري بركة؟,"له العديد من المؤلفات في المسرح والشعر والدراما، والرواية، وعدد واسع من المقالات, له العديد من المؤلفات في المسرح والشعر والدراما، والرواية، وعدد واسع من المقالات. قام بالتدريس في عدد من الجامعات، من بينها جامعة نيويورك في بوفالو"
wahm_142,من هو خورخه فيديلا؟,الحاكم العسكري المطلق للأرجنتين من 1976 إلى 1981
wahm_143,أين تقع مدينة قوندر؟,إثيوبية
wahm_144,ما هي اكبر جائزة في مسابقة الخيول؟,"كأس دبي العالمي, كأس دبي العالمي  لسباق الخيل"
wahm_145,متى ولد شارل ديغول؟,1890
wahm_146,متى ولد  بدر الدين الزركشي؟,745 هـ
wahm_147,ماهى الأدوية ؟,أية مادة تستعمل في تشخيص أو معالجة الأمراض التي تصيب الإنسان أو الحيوان، أو التي تفيد في تخفيف وطأتها أو الوقاية منها
wahm_148,اين توجد مدينة الحبيلين؟,محافظة لحج
wahm_149,ما هي السرطانة المشيمائية؟,ورم خبيث أرومي غاذي[1] ينشأ عادةً في المشيمة
wahm_150,متى  تأسس  المسرح اليديشي؟,1876
wahm_151,اين توجد مدينة بيشاور؟,"خیبر بختونخوا, باكستان"
wahm_152,متى نشبت معركة دوروستولون؟,971
wahm_153,كم استمر حكم السلطان عبد الحميد الثاني؟,ثلاثين سنة
wahm_154,أين كانت منطقة مملكة كوش؟,"جنوب الشلال الأول والواوات على شماله في بلاد النوبة العليا والسفلى, بلاد النوبة العليا والسفلى"
wahm_155,"متى تاسس جهاز المخابرات الاسرائيلي ""الموساد""؟",13 ديسمبر 1949
wahm_156,ما هي الترجمة اليونانية لكلمة البطريرك؟,الأب الرئيس
wahm_157,أين دفن إلوي ألفارو ؟,مقبرة عامة في كيتو
wahm_158,متى إفتتحت جامعة أم القرى؟,1369 هـ
wahm_159,كم دوري أنجليزي تحصل عليه نادي مانشستر يونايتد لكرة القدم؟,20
wahm_160,ماهى عاصمة آيرلندا الشمالية ؟,بلفاست
wahm_161,ما معنى اسم نهر ريو دي لا بلاتا ؟,نهر الفضة
wahm_162,أين تقع مدينة مروي؟,"شمال السودان, شمال السودان تقع علي الضفة الشرقية لنهر النيل"
wahm_163,متى عاش أبو عبد الله سفيان بن سعيد بن مسروق؟,97 هـ
wahm_164,ما هي مجموعة بلدربيرغ؟,"مؤتمر سنوي غير رسمي يحضره قرابة 100 إلى 150 من المدعوين، معظمهم من أكبر رجالات السياسة والأعمال والبنوك نفوذاً في العالم, مؤتمر سنوي غير رسمي يحضره قرابة 100 إلى 150 من المدعوين، معظمهم من أكبر رجالات السياسة والأعمال والبنوك نفوذاً في العالم. ويتم الحديث في المؤتمر خلف جدار من السرية الشديدة حول العديد من المواضيع العالمية والاقتصادية والعسكرية والسياسية"
wahm_165,ما هو بلد المنشأ لرياضة الجودو؟,اليابان
wahm_166,متى يوافق اليوم العالمي لحقوق الطفل؟,20 نوفمبر
wahm_167,ما هو الجواد الاصيل؟,من سلالات الخيول الخفيفة في العالم وهي تابعة لمنطقة الشرق الأوسط
wahm_168,"متى صدر المسلسل الامريكي ""سترينجر ثينقز""؟",15 يوليو، 2016
wahm_169,من هو دانييل بارينبويم؟,عازف بيانو، وقائد أوركسترا
wahm_170,في أي عام أنشئت القائمة الحمراء للأنواع المهددة بالانقراض؟,1963
wahm_171,من هو مخترع الديناميت؟,ألفرد نوبل
wahm_172,ما هي الخلايا الحبيبية المتعادلة؟,"أكثر أنواع  كريات الدم البيضاء, أكثر أنواع  كريات الدم البيضاء غزارة لدى الإنسان حيث تشكل ما نسبته 60-70% من كريات الدم البيضاء"
wahm_173,متى تأسس مهرجان كان السينمائي؟,1946
wahm_174,من هي باولا عبدول؟,فنانة أمريكية يهودية مشهورة لوالد يهودي سوري من حلب
wahm_175,من هو رائد المدرسة البنائية في علم النفس؟,فيلهلم فونت
wahm_176,متى إندلعت الثورة  التونسية؟,17 ديسمبر 2010
wahm_177,أين تقع  مدينة دنقلا العجوز؟,"الولاية الشمالية بالسودان, على الضفة الشرقية لنهر النيل، في الولاية الشمالية بالسودان"
wahm_178,متى وقعت معركة كورسك؟,مابين 5 يوليو 1943 و23 أغسطس
wahm_179,من كاتب كتاب المقدّمة؟,ابن خلدون
wahm_180,ما هو العمرالوسطي للإصابة بمرض سرطان عنق الرحم؟,"20 حتى 30 عام, 52 عام"
wahm_181,ما هو اسم التفضيل؟,اسم مشتق يدل على شيئين اشتركا في صفة واحدة وزاد أحدهما على الآخر في هذه الصفة
wahm_182,من هي الأميرة اولغا؟,أميرة روسيا الكييفية
wahm_183,أين تقع مدينة المهدية؟,"تونس, جنوب تونس العاصمة"
wahm_184,متى تم تأسيس أكاديمية اللغة الفرنسية؟,1635
wahm_185,متى توفي محمود شوكت باشا؟,17 ديسمبر 1903م
wahm_186,ما هو الرادار ؟,"نظام يستخدم موجات كهرومغناطيسية للتعرف على بعد وارتفاع واتجاه وسرعة الأجسام الثابتة والمتحركة, نظام يستخدم موجات كهرومغناطيسية للتعرف على بعد وارتفاع واتجاه وسرعة الأجسام الثابتة والمتحركة كالطائرات، والسفن، والعربات، وحالة الطقس، وشكل التضاريس"
wahm_187,أين تقع الغدد البصلية الإحليلية؟,جانبي الجزء الغشائي من الخلف من الإحليل أو مجرى البول أسفل القضيب
wahm_188,ما هو الاضطراب الاكتئابي؟,مصطلح يستخدم لوصف خليط من الحالات المرضية أو غير المرضية في الإنسان والتي يغلب عليها طابع الحزن
wahm_189,متى توفيت نبوية موسى محمد بدوية ؟,30 إبريل 1951
wahm_190,في أي عام تأسست منظمة الصحة العالمية؟,7 أبريل 1948
wahm_191,ما مهنة محمود أحمدي نِجَاد قبل الرئاسة؟,عمدةً لبلدية طهران
wahm_192,متى تأسست المحكمة الجنائية الدولية؟,2002
wahm_193,ما هو بروتوكول التوجيه في شبكات تبديل الرزم؟,"اسم لعائلة من بروتوكولات الشبكة, اسم لعائلة من بروتوكولات الشبكة التي تُحدد مجموعة القواعد الضابطة لكيفيّة تواصل تجهيزات الشبكة، كالمُوجّهات أو العُقد مع بعضها البعض"
wahm_194,ما هو حديث الكساء؟,حديث نبوي، تحدَّث به رسول الإسلام محمد في فضل أهل بيته
wahm_195,متى أنشأت استديوهات والت ديزني للرسوم المتحركة؟,16 أكتوبر من عام 1923
wahm_196,من كان أول رئيس وزراء بريطانيا؟,"السير روبرت والبول, روبرت والبول"
wahm_197,"من هو مخرج فيلم الانمي "" الاميرة مونونوكي""؟",هاياو ميازاكي
wahm_198,في اي محافظة عراقية توجد مدينة الرمادي؟,"محافظة الأنبار, الأنبار"
wahm_199,ما هي أكبر شركة لصناعة المواد الاستهلاكية في العالم؟,بروكتر وغامبل
wahm_200,من مقدم برنامج خواطر؟,أحمد مازن أحمد أسعد الشقيري
wahm_201,كم تبعد الموصل عن بغداد ؟,465 كلم
wahm_202,في أي عام تأسست جمعية العربية الفتاة؟,1911م
wahm_203,كم بلغ التعداد السكاني للعراق في 2014 ؟,"37,5 مليون نسمة"
wahm_204,ما هو الطب النَوَوِي ؟,"فرع من الطب يستعمل المواد المشعة في التصوير الطبي أو التشخيص المَرَضِيّ, هو فرع من الطب يستعمل المواد المشعة في التصوير الطبي أو التشخيص المَرَضِيّ"
wahm_205,متى يقام مهرجان مدينة جرش؟,في يوليو من كل عام
wahm_206,ما هي مساحة إمارة الفجيرة؟,1165 كم مربعاً
wahm_207,ما هي رياضة تشي كونغ؟,تقوم على نظام شامل لتنسيق الجسم بالحركة والتنفس والتأمل كوسيلة فعالة للحفاظ على الصحة أوالروحانيات أوالتدريب على فنون القتال
wahm_208,أين يقع إتحاد كرة القدم لكرة القدم؟,"باريس, زيورخ"
wahm_209,أين يقع بحر إيجة؟,"أحد أفرع البحر المتوسط, بين شبه الجزيرة اليونانية والأناضول"
wahm_210,متى بدأ استخدام الإنترنت في سوريا؟,1997
wahm_211,من هي مؤلفة الرواية الملعونة؟,أمل جرّاح
wahm_212,من هو أول قائد للجيش الرابع بانزر؟,إريش فون مانشتاين
wahm_213,ما هي الحوزة العلمية؟,لفظ اصطلاحي للمدرسة الفقهية التابعة للمذهب الجعفري
wahm_214,بماذا عرف عمر بن عبد العزيز بن مروان بن الحكم الأموي القرشي؟,عمر الثاني
wahm_215,ما هي أقدم جامعة في مدينة روما؟,"روما, جامعة لا سابينزا"
wahm_216,متى تأسست جامعة ستانفورد في الولايات المتحدة؟,1885
wahm_217,ما هو النزيف الداخلي ؟,نزيف يحدث داخل الجسم
wahm_218,متى تأسس مجلس الشورى السعودي؟,1927م
wahm_219,من هو مخترع الإطار المطاط؟,جون بويد دنلوب
wahm_220,متى بدأت الأزمة الإقتصادية باليونان؟,أبريل 2010
wahm_221,ما هي نظرية التشغيل الذاتي؟,نظرية تهتم بتعريف ودراسة خواص الآلات الحاسوبية المجرّدة
wahm_222,أين تقع مدينة بافيا؟,"شمال إيطاليا في إقليم لومبارديا, إقليم لومبارديا"
wahm_223,متى يحتفل المسيحيين بعيد رأس السنة؟,24 ديسمبر ونهار 25 ديسمبر
wahm_224,متى صدر اول جهاز العاب فيدبو من شركة سوني ؟,3 ديسمبر عام 1994
wahm_225,متى ولد ألبرت أينشتاين؟,"(14 مارس 1879, 14 مارس 1879"
wahm_226,من أين تبث قناة المستقّلة؟,أطلانطيك بيرد في نفس مدار نايل سات. كانت القناة وحتى العام 2012 تبث عبر القمرين الصناعيين عرب سات، هوت بيرد
wahm_227,ما هي حرب الخنادق؟,شكل من أشكال الحرب يأخذ المقاتلون مواقع محصّنة وتكون خطوط القتال جامدة وممتده كالخنادق لذلك سميت بحرب الخنادق
wahm_228,ما هي الأصول غير الملموسة؟,أحد العوامل المساهمة في تحديد التفاوت بين قيمة الشركة حسب السجلات المحاسبية الخاصة بها وقيمة الشركة حسب قيمتها السوقية
wahm_229,متى تمّ إحتلال سوريا من قبل فرنسا؟,1922
wahm_230,متى تمرد الإخوان ضد ملك مملكة الحجاز ؟,1926
wahm_231,ما هو مجمع الكرادلة؟,"الهيئة الجامعة لكافة الكرادلة الناخبين - أي أقل من ثمانين عام - في الكنيسة الكاثوليكية. ويشكل أعلى هيئة استشارية في الكرسي الرسولي, الهيئة الجامعة لكافة الكرادلة الناخبين - أي أقل من ثمانين عام - في الكنيسة الكاثوليكية"
wahm_232,متى تولى محمد جواد ظریف وزارة الخارجية الايرانية؟,"15 أغسطس 2013, أغسطس 2013"
wahm_233,اين يقغ مضيق باب المندب ؟,يصل البحر الأحمر بخليج عدن وبحر العرب
wahm_234,من هو كاتب قصة (بائعة الكبريت)؟,هانس كريستيان أندرسن
wahm_235,متى تأسست شركة الطائرات الأمريكية بوينغ؟,15 يوليو 1916
wahm_236,متى تم تأسيس أول دور عرض أزياء حول العالم؟,1911
wahm_237,أين يقع خليج غينيا؟,"الساحل جنوب الغربي لأفريقيا في المحيط الأطلسي, المحيط الأطلسي"
wahm_238,متى بني  جامع الزيتونة؟,"698, 698 (79 هـ)"
wahm_239,ماهي عاصمة منغوليا ؟,أولان باتور
wahm_240,ما هي الوان علم صربيا ؟,"الأحمر في الثلث الأعلى للعلم, ثم الأزرق, يتوسط العلم ثم اللون الأبيض في الأسفل"
wahm_241,أين يقع جبل المقطم؟,"الناحية الشرقية الفسطاط والقاهرة, شرق قلعة صلاح الدين الأيوبي"
wahm_242,متى شاركت  آيسلندا في كأس أوروبا  لكرة القدم لأول مرة؟,2016
wahm_243,ما هي تفاعلات الأكسدة؟,تفاعلات كيميائية يحدث فيها تغير في عدد أكسدة ذرات المواد المتفاعلة نتيجة انتقال الإلكترونات فيما بينها
wahm_244,ماهي جنسية المؤلف الموسيقي تشايكوفسكي؟,روسي
wahm_245,متى حصلت دولة الإمارات على استقلالها ؟,2 ديسمبر 1971
wahm_246,ما هو الكائن اللاهوائي وكم نوع له؟,الكائن الذي لا يستخدم الأوكسجين للنمو
wahm_247,أين تقع مدينة تل جوخة ؟,مدينة عراقية
wahm_248,ما هو الفيتو؟,حق الاعتراض على أي قرار يقدم لمجلس الأمن دون إبداء أسباب، ويمنح للأعضاء الخمس دائمي العضوية في مجلس الأمن
wahm_249,ما هي المَشِيمَة أو الخَلاَص أو السُخْد؟,"عضو دائري مسطح الشكل يتصل بالجنين عن طريق الحبل السري في الرحم، وتخرج المشيمة من رحم الأم بعد المرحلة الثالثة من الولادة, عضو دائري مسطح الشكل يتصل بالجنين عن طريق الحبل السري في الرحم"
wahm_250,ما هو تصريح 28 فبراير 1922 ؟,"تصريح اعلنته بريطانيا من طرف واحد في لندن والقاهرة في هذا التاريخ, تصريح اعلنته بريطانيا من طرف واحد في لندن والقاهرة في هذا التاريخ.[1][2] اعلنت فيه انهاء الحماية البريطانية على مصر"
wahm_251,ما هو تعريف المؤسسة؟,"استقرار وقيمة وانماط متكرره من السلوك كهياكل أو الات النظام الاجتماعي فهي تتحكم في سلوك مجموعة من الافراد داخل مجتمع معين, استقرار وقيمة وانماط متكرره من السلوك كهياكل أو الات النظام الاجتماعي"
wahm_252,من هو قبريانوس القرطاجي؟,كان أسقف قرطاج (منذ عام 249 م) وأبًا وكاتبًا مسيحيًّا
wahm_253,ماهى الأورام الدبقية ؟,أكثر أورام المخ شيوعاً والأكثر عدوانيةً مقارنةً بباقي أورام المخ التي تصيب الإنسان
wahm_254,متى تاسست محطة الفضاء الدولية ؟,20 نوفمبر 1998
wahm_255,ما هو الكرينولين؟,هيكل قاسٍ يُلبَس تحت التنورة ليعطيها شكل منتفخ، وكان دارج الاستعمال في أوروبا منذ القرن السادس عشر إلى منتصف القرن التاسع عشر
wahm_256,ما هي السفسطة أو السفسطائية؟,"مذهب فكري فلسفي, مذهب فكري فلسفي نشأ في اليونان إبان نهاية القرن السادس وبداية القرن الخامس ق.م في بلاد الإغريق"
wahm_257,ما هو النظام التماثلي؟,"طريقه مستخدمه لنقل المعلومات، حيث تكون فيها المعلومات عبارة عن كميات مادية متماثلة ومتتالية ومستمرة ويمكن لقيمتها أن تتغير, طريقه مستخدمه لنقل المعلومات، حيث تكون فيها المعلومات عبارة عن كميات مادية متماثلة ومتتالية ومستمرة ويمكن لقيمتها أن تتغير، و يسمح أن تكون الإشارة كاملة القيمة أو تساوي صفر أو أية قيمة بين هذه وتلك"
wahm_258,ما هو حمض الغاما-أمينوبيوتيريك؟,الناقل العصبي المثبط الرئيسي في الجهاز العصبي المركزي في الثدييات
wahm_259,متى تبنت الأمم المتحدة الإعلان العالمي لحقوق الإنسان؟,"ة 10 ديسمبر 1948, 10 ديسمبر 1948"
wahm_260,كم يبلغ طول نهر الاردن؟,251 كم
wahm_261,متى انتهت حرب البلقان الأولى؟,30 مايو 1913
wahm_262,من كتب كتاب المعادلة التونسية في سنة 2014؟,"حمد الصافي سعيد, الروائي التونسي أحمد الصافي سعيد"
wahm_263,متى ترشحت  الجزائر للدور الثاني في كأس العالم لكرة القدم أول مرة ؟,2014
wahm_264,كم دامت رئاسة إلوي ألفارو لجمهورية الإكوادور ؟,1897-1901 و1906-1911
wahm_265,كم عدد جزر نيوزيلاندا؟,600
wahm_266,من هو جيمس مونرو؟,"خامس رؤساء الولايات المتحدة, خامس رؤساء الولايات المتحدة من 1817 إلى 1825 ورجل دولة وأحد الآباء المؤسسون"
wahm_267,من هو إلياس بن مضر؟,الجد السادس عشر للرسول محمد بن عبد الله، وزوج خندف جدة القبائل الخندفية
wahm_268,أين تقع كاتدرائية شارتر؟,"جنوب غرب باريس, بفرنسا"
wahm_269,ما هو مقياس الإشعاع؟,جهاز يستخدم لقياس شدة الإشعاع الكهرومغناطيسي مثل الضوء
wahm_270,متى تاسس نادي ليون الفرنسي؟,1950
wahm_271,كم تبلغ سماكة القشرة المخية؟,هام التي تؤ
wahm_272,ما هو خفاش الفاكهة المصري؟,نوع من خفافيش فاكهة العالم القديم من فصيلة الخفافيش الكبيرة (خفافيش الفاكهة) من رتبة الخفاشيات
wahm_273,كم يبلغ طول الحدود الأردنية مع اسرائيل؟,238 كيلومترًا
wahm_274,ما هي اقدم المدن المغربية؟,فاس
wahm_275,كم تبلغ مساحة رومانيا؟,"238,391 كم مربع"
wahm_276,من هو النبي سليمان ؟,هو أحد ملوك مملكة إسرائيل حسب الوارد في سفر الملوك الأول وسفر أخبار الأيام الأول
wahm_277,ما هو النيتروغليسرين ؟,مادة سائلة زيتية لا لون لها، وهي شديدة الحساسية للصدمات والارتجاج، شديدة الانفجار وهي أساس مركب الديناميت
wahm_278,ما هي مناورة فالين؟,"اختبار تشخيصي لمتلازمة النفق الرسغي, اختبار تشخيصي لمتلازمة النفق الرسغي،[1] اكتشفه طبيب عظام أمريكي يدعى جورج فالين"
wahm_279,ما هي فوائد الصيام ؟,حسية ومعنوية
wahm_280,من ماذا يتكون حجرالرخام؟,الكالسيت النقي جداً
wahm_281,من هو ثروت عكاشة؟,"وزيرا للثقافة ونائب رئيس الوزراء المصري سابقا, كان وزيرا للثقافة ونائب رئيس الوزراء المصري سابقا"
wahm_282,من الشركة التي أنتجت فيلم الكرتون مدغشقر 1؟,دريم ووركس أنيمايشن
wahm_283,ما هي الإسلاموية؟,"مصطلح سياسي وإعلامي وأكاديمي استخدم لتوصيف حركات تغيير سياسية تؤمن بالإسلام باعتباره ""نظاما سياسيا للحكم"", مصطلح سياسي وإعلامي وأكاديمي استخدم لتوصيف حركات تغيير سياسية تؤمن بالإسلام باعتباره ""نظاما سياسيا للحكم""، ويستخدم هذا المصطلح من قبل المجموعات السياسية المناوئة للإسلاميين"
wahm_284,في أي عام تم إنتاج فيلم غلين أو غليندا؟,1953
wahm_285,أين أنشئ مركز جويانا للفضاء؟,"بالقرب من كورو في جويانا الفرنسية على ساحل المحيط الأطلسي بأمريكا الجنوبية, جويانا الفرنسية على ساحل المحيط الأطلسي بأمريكا الجنوبية"
wahm_286,كم تبعد سبيطلة على  مركز ولاية القصرين؟,33 كم
wahm_287,ماهو تعداد سكان إربد ؟,530 ألف نسمة
wahm_288,متى اكتشف الإنسان الزراعة؟,"منذ 10.000 سنة, عصر ما قبل التاريخ"
wahm_289,من أسس علم نظرية الألعاب؟,إيمل بورل
wahm_290,متى أسس ارماني علامته التجارية الخاصة ” جورجو ارماني ”؟,1975
wahm_291,ما هو النَظْم تَحْتَ اليومي؟,"نظم بمدة أطول من مدة النظم اليومي، وهذا يعني تكرارًا أقل من دورة واحدة في 28 ساعة،[1] مثل الطمث أو الحضانة أو المد والجزر أو النُظُم الموسمية, نظم بمدة أطول من مدة النظم اليومي، وهذا يعني تكرارًا أقل من دورة واحدة في 28 ساعة"
wahm_292,كم تبلغ مساحة مدينة ليفربول؟,111.84
wahm_293,من هو عبد الله بن عباس؟,"صحابي جليل، وابن عم النبي محمد، حبر الأمة و<b data-parsoid='{""dsr"":[1691,1703"
wahm_294,ما هي العملة الرسمية في الفلبين ؟,البيزو الفلبيني
wahm_295,ما هو الإسفنج المهبلي؟,إحدى وسائل تحديد النسل
wahm_296,متى تم صناعة اول اطار مطاطي ؟,1889
wahm_297,كم عدد المحافظات في العراق؟,18
wahm_298,متى احتل الاكسوم اليمن؟,533م
wahm_299,متى توفي ألكسندرغراهام بيل؟,أغسطس 1922)
